ticker,n_calls,accuracy
MMC,13,1.0
AVB,13,0.9230769230769231
CME,13,0.9230769230769231
CB,13,0.9230769230769231
PM,13,0.9230769230769231
CTAS,13,0.9230769230769231
GD,13,0.9230769230769231
MMM,13,0.9230769230769231
LNT,13,0.9230769230769231
WELL,13,0.9230769230769231
IEX,13,0.9230769230769231
LIN,13,0.9230769230769231
MLM,13,0.9230769230769231
MCD,13,0.9230769230769231
ATO,13,0.9230769230769231
EQR,13,0.9230769230769231
IPG,11,0.9090909090909091
STE,13,0.8461538461538461
CNP,13,0.8461538461538461
PCAR,13,0.8461538461538461
NI,13,0.8461538461538461
FRT,13,0.8461538461538461
ETR,13,0.8461538461538461
ECL,13,0.8461538461538461
REG,13,0.8461538461538461
PG,13,0.8461538461538461
CARR,13,0.8461538461538461
SYY,13,0.8461538461538461
SHW,13,0.8461538461538461
SNA,13,0.8461538461538461
PRU,13,0.8461538461538461
PPG,13,0.8461538461538461
TDY,13,0.8461538461538461
UDR,13,0.8461538461538461
WTW,13,0.8461538461538461
AMP,13,0.8461538461538461
AEE,13,0.8461538461538461
VICI,13,0.8461538461538461
DUK,13,0.8461538461538461
WAB,13,0.8461538461538461
VZ,13,0.8461538461538461
WM,13,0.8461538461538461
DRI,13,0.8461538461538461
V,13,0.8461538461538461
SRE,12,0.8333333333333334
WMB,10,0.8
WSM,9,0.7777777777777778
CVX,13,0.7692307692307693
SO,13,0.7692307692307693
ROP,13,0.7692307692307693
CI,13,0.7692307692307693
ROL,13,0.7692307692307693
AME,13,0.7692307692307693
AIG,13,0.7692307692307693
AFL,13,0.7692307692307693
ICE,13,0.7692307692307693
GL,13,0.7692307692307693
DOV,13,0.7692307692307693
OXY,13,0.7692307692307693
EVRG,13,0.7692307692307693
MAA,13,0.7692307692307693
LH,13,0.7692307692307693
MA,13,0.7692307692307693
MCO,13,0.7692307692307693
IFF,13,0.7692307692307693
HST,13,0.7692307692307693
IVZ,13,0.7692307692307693
CPB,13,0.7692307692307693
O,13,0.7692307692307693
MO,13,0.7692307692307693
ESS,13,0.7692307692307693
FE,13,0.7692307692307693
PNR,13,0.7692307692307693
CTVA,13,0.7692307692307693
COR,13,0.7692307692307693
TDG,13,0.7692307692307693
BMY,13,0.7692307692307693
BALL,13,0.7692307692307693
BRO,13,0.7692307692307693
PEP,13,0.7692307692307693
NDAQ,13,0.7692307692307693
DPZ,13,0.7692307692307693
CPT,13,0.7692307692307693
ADP,13,0.7692307692307693
BLK,13,0.7692307692307693
YUM,13,0.7692307692307693
BKR,13,0.7692307692307693
T,13,0.7692307692307693
TRMB,13,0.7692307692307693
TYL,13,0.7692307692307693
XEL,13,0.7692307692307693
PPL,13,0.7692307692307693
SPGI,13,0.7692307692307693
ACGL,13,0.7692307692307693
CHD,12,0.75
ANSS,4,0.75
FI,12,0.75
SW,7,0.7142857142857143
CSX,13,0.6923076923076923
VMC,13,0.6923076923076923
APP,13,0.6923076923076923
APD,13,0.6923076923076923
AOS,13,0.6923076923076923
OKE,13,0.6923076923076923
OTIS,13,0.6923076923076923
EG,13,0.6923076923076923
GPC,13,0.6923076923076923
HON,13,0.6923076923076923
GWW,13,0.6923076923076923
HSY,13,0.6923076923076923
KMB,13,0.6923076923076923
KIM,13,0.6923076923076923
ITW,13,0.6923076923076923
INVH,13,0.6923076923076923
ALL,13,0.6923076923076923
ELV,13,0.6923076923076923
MS,13,0.6923076923076923
MRK,13,0.6923076923076923
D,13,0.6923076923076923
DD,13,0.6923076923076923
LMT,13,0.6923076923076923
LHX,13,0.6923076923076923
GEHC,13,0.6923076923076923
MTB,13,0.6923076923076923
PNC,13,0.6923076923076923
PNW,13,0.6923076923076923
PSA,13,0.6923076923076923
RSG,13,0.6923076923076923
SLB,13,0.6923076923076923
RTX,13,0.6923076923076923
CF,13,0.6923076923076923
CMI,13,0.6923076923076923
CAG,13,0.6923076923076923
BXP,13,0.6923076923076923
TSN,13,0.6923076923076923
WY,13,0.6923076923076923
ABT,13,0.6923076923076923
TXT,13,0.6923076923076923
BX,13,0.6923076923076923
BDX,13,0.6923076923076923
DE,13,0.6923076923076923
PFE,13,0.6923076923076923
PGR,13,0.6923076923076923
BIIB,13,0.6923076923076923
XYL,13,0.6923076923076923
TT,13,0.6923076923076923
XOM,13,0.6923076923076923
AXP,13,0.6923076923076923
BG,13,0.6923076923076923
CVS,13,0.6923076923076923
MAS,13,0.6923076923076923
LEN,13,0.6923076923076923
LDOS,13,0.6923076923076923
ES,13,0.6923076923076923
PEG,13,0.6923076923076923
EXC,13,0.6923076923076923
LYB,13,0.6923076923076923
DG,9,0.6666666666666666
DOC,12,0.6666666666666666
KMX,12,0.6666666666666666
KVUE,9,0.6666666666666666
TEL,13,0.6153846153846154
AZO,13,0.6153846153846154
DGX,13,0.6153846153846154
PHM,13,0.6153846153846154
DHI,13,0.6153846153846154
RF,13,0.6153846153846154
REGN,13,0.6153846153846154
PLD,13,0.6153846153846154
PTC,13,0.6153846153846154
PYPL,13,0.6153846153846154
SCHW,13,0.6153846153846154
SBUX,13,0.6153846153846154
AVY,13,0.6153846153846154
SYF,13,0.6153846153846154
CMS,13,0.6153846153846154
CL,13,0.6153846153846154
CCI,13,0.6153846153846154
C,13,0.6153846153846154
ARE,13,0.6153846153846154
ZBH,13,0.6153846153846154
ABBV,13,0.6153846153846154
TSCO,13,0.6153846153846154
TJX,13,0.6153846153846154
TER,13,0.6153846153846154
FOX,13,0.6153846153846154
FAST,13,0.6153846153846154
NOC,13,0.6153846153846154
EPAM,13,0.6153846153846154
NEE,13,0.6153846153846154
PAYX,13,0.6153846153846154
CRL,13,0.6153846153846154
EMR,13,0.6153846153846154
DOW,13,0.6153846153846154
MTD,13,0.6153846153846154
EXR,13,0.6153846153846154
MDT,13,0.6153846153846154
MKC,13,0.6153846153846154
MOH,13,0.6153846153846154
GILD,13,0.6153846153846154
FTV,13,0.6153846153846154
HD,13,0.6153846153846154
HRL,13,0.6153846153846154
JPM,13,0.6153846153846154
JNJ,13,0.6153846153846154
KO,13,0.6153846153846154
LKQ,13,0.6153846153846154
IR,13,0.6153846153846154
KHC,13,0.6153846153846154
HWM,13,0.6153846153846154
HIG,13,0.6153846153846154
GIS,13,0.6153846153846154
HBAN,13,0.6153846153846154
HAS,13,0.6153846153846154
HII,13,0.6153846153846154
HLT,13,0.6153846153846154
WMT,13,0.6153846153846154
GLW,13,0.6153846153846154
WEC,13,0.6153846153846154
VLO,13,0.6153846153846154
VTR,13,0.6153846153846154
WBD,13,0.6153846153846154
AON,13,0.6153846153846154
AMT,13,0.6153846153846154
AJG,13,0.6153846153846154
ALLE,13,0.6153846153846154
AEP,13,0.6153846153846154
VLTO,10,0.6
AES,12,0.5833333333333334
ERIE,12,0.5833333333333334
CTRA,12,0.5833333333333334
TAP,12,0.5833333333333334
GEN,12,0.5833333333333334
CINF,12,0.5833333333333334
NSC,12,0.5833333333333334
LOW,9,0.5555555555555556
KR,9,0.5555555555555556
L,9,0.5555555555555556
DAY,11,0.5454545454545454
HOLX,11,0.5454545454545454
CNC,13,0.5384615384615384
STZ,13,0.5384615384615384
ACN,13,0.5384615384615384
AIZ,13,0.5384615384615384
AAPL,13,0.5384615384615384
ZTS,13,0.5384615384615384
CMCSA,13,0.5384615384615384
SMCI,13,0.5384615384615384
SYK,13,0.5384615384615384
CAT,13,0.5384615384615384
CBOE,13,0.5384615384615384
JKHY,13,0.5384615384615384
J,13,0.5384615384615384
DHR,13,0.5384615384615384
DECK,13,0.5384615384615384
DAL,13,0.5384615384615384
PFG,13,0.5384615384615384
COP,13,0.5384615384615384
COST,13,0.5384615384615384
ORLY,13,0.5384615384615384
PCG,13,0.5384615384615384
NWSA,13,0.5384615384615384
NWS,13,0.5384615384615384
PLTR,13,0.5384615384615384
PKG,13,0.5384615384615384
POOL,13,0.5384615384615384
GS,13,0.5384615384615384
HCA,13,0.5384615384615384
CDW,13,0.5384615384615384
FOXA,13,0.5384615384615384
FIS,13,0.5384615384615384
EOG,13,0.5384615384615384
EMN,13,0.5384615384615384
NRG,13,0.5384615384615384
NTRS,13,0.5384615384615384
DTE,13,0.5384615384615384
EBAY,13,0.5384615384615384
NCLH,13,0.5384615384615384
NDSN,13,0.5384615384615384
MSCI,13,0.5384615384615384
GE,13,0.5384615384615384
MDLZ,13,0.5384615384615384
MET,13,0.5384615384615384
EIX,13,0.5384615384615384
EW,13,0.5384615384615384
UNP,13,0.5384615384615384
TRGP,13,0.5384615384615384
TFC,13,0.5384615384615384
TRV,13,0.5384615384615384
BR,13,0.5384615384615384
TMO,13,0.5384615384615384
BAC,13,0.5384615384615384
UAL,13,0.5384615384615384
UPS,13,0.5384615384615384
APH,13,0.5384615384615384
WFC,13,0.5384615384615384
BBY,13,0.5384615384615384
TROW,12,0.5
TGT,12,0.5
BF-B,10,0.5
AWK,12,0.5
ALGN,13,0.46153846153846156
AMCR,13,0.46153846153846156
AMZN,13,0.46153846153846156
VRTX,13,0.46153846153846156
VRSK,13,0.46153846153846156
APO,13,0.46153846153846156
UNH,13,0.46153846153846156
BKNG,13,0.46153846153846156
AXON,13,0.46153846153846156
BA,13,0.46153846153846156
TECH,13,0.46153846153846156
WDAY,13,0.46153846153846156
WRB,13,0.46153846153846156
WAT,13,0.46153846153846156
GM,13,0.46153846153846156
MSFT,13,0.46153846153846156
KKR,13,0.46153846153846156
TPL,13,0.46153846153846156
ROK,13,0.46153846153846156
PWR,13,0.46153846153846156
DIS,13,0.46153846153846156
PSX,13,0.46153846153846156
PH,13,0.46153846153846156
NTAP,13,0.46153846153846156
NUE,13,0.46153846153846156
NXPI,13,0.46153846153846156
RMD,13,0.46153846153846156
NEM,13,0.46153846153846156
NFLX,13,0.46153846153846156
EQT,13,0.46153846153846156
ETN,13,0.46153846153846156
FITB,13,0.46153846153846156
EL,13,0.46153846153846156
MAR,13,0.46153846153846156
FANG,13,0.46153846153846156
LULU,13,0.46153846153846156
LW,13,0.46153846153846156
LII,13,0.46153846153846156
UHS,13,0.46153846153846156
HAL,13,0.46153846153846156
INCY,13,0.46153846153846156
HUBB,13,0.46153846153846156
HSIC,13,0.46153846153846156
IDXX,13,0.46153846153846156
CHRW,13,0.46153846153846156
JCI,13,0.46153846153846156
IRM,13,0.46153846153846156
CFG,13,0.46153846153846156
CDNS,13,0.46153846153846156
ADM,13,0.46153846153846156
KMI,13,0.46153846153846156
SOLV,7,0.42857142857142855
FDS,12,0.4166666666666667
PARA,10,0.4
AMAT,13,0.38461538461538464
MCK,13,0.38461538461538464
UBER,13,0.38461538461538464
EFX,13,0.38461538461538464
WST,13,0.38461538461538464
BK,13,0.38461538461538464
VRSN,13,0.38461538461538464
USB,13,0.38461538461538464
ANET,13,0.38461538461538464
TMUS,13,0.38461538461538464
MHK,13,0.38461538461538464
ON,13,0.38461538461538464
ODFL,13,0.38461538461538464
BSX,13,0.38461538461538464
BLDR,13,0.38461538461538464
BEN,13,0.38461538461538464
VTRS,13,0.38461538461538464
JBHT,13,0.38461538461538464
KDP,13,0.38461538461538464
FDX,13,0.38461538461538464
CRM,13,0.38461538461538464
RCL,13,0.38461538461538464
INTC,13,0.38461538461538464
GRMN,13,0.38461538461538464
HPE,13,0.38461538461538464
ADI,13,0.38461538461538464
SWK,13,0.38461538461538464
ZBRA,13,0.38461538461538464
INTU,13,0.38461538461538464
SJM,13,0.38461538461538464
STT,13,0.38461538461538464
RVTY,13,0.38461538461538464
COIN,13,0.38461538461538464
FFIV,13,0.38461538461538464
LVS,13,0.38461538461538464
EXPE,13,0.38461538461538464
LUV,13,0.38461538461538464
EXE,13,0.38461538461538464
CAH,13,0.38461538461538464
ORCL,13,0.38461538461538464
EA,11,0.36363636363636365
SBAC,12,0.3333333333333333
CCL,12,0.3333333333333333
CSGP,12,0.3333333333333333
ROST,9,0.3333333333333333
WBA,9,0.3333333333333333
HES,3,0.3333333333333333
ALB,13,0.3076923076923077
SWKS,13,0.3076923076923077
URI,13,0.3076923076923077
MTCH,13,0.3076923076923077
DVN,13,0.3076923076923077
KEYS,13,0.3076923076923077
STX,13,0.3076923076923077
WYNN,13,0.3076923076923077
ADBE,13,0.3076923076923077
IP,13,0.3076923076923077
HUM,13,0.3076923076923077
IQV,13,0.3076923076923077
GPN,13,0.3076923076923077
HOOD,13,0.3076923076923077
IT,13,0.3076923076923077
ISRG,13,0.3076923076923077
KEY,13,0.3076923076923077
SPG,13,0.3076923076923077
APTV,13,0.3076923076923077
CBRE,13,0.3076923076923077
RJF,13,0.3076923076923077
CRWD,13,0.3076923076923077
LRCX,13,0.3076923076923077
FICO,13,0.3076923076923077
TPR,13,0.3076923076923077
MCHP,13,0.3076923076923077
BAX,13,0.3076923076923077
ARES,13,0.3076923076923077
MNST,13,0.3076923076923077
MPC,13,0.3076923076923077
DLTR,13,0.3076923076923077
MRNA,13,0.3076923076923077
DLR,13,0.3076923076923077
WDC,13,0.3076923076923077
PODD,13,0.3076923076923077
CLX,13,0.3076923076923077
STLD,13,0.3076923076923077
PANW,13,0.3076923076923077
RL,13,0.3076923076923077
JBL,13,0.3076923076923077
FTNT,13,0.3076923076923077
EME,13,0.3076923076923077
KLAC,14,0.2857142857142857
GEV,8,0.25
ADSK,12,0.25
CHTR,13,0.23076923076923078
EQIX,13,0.23076923076923078
GDDY,13,0.23076923076923078
ABNB,13,0.23076923076923078
VST,13,0.23076923076923078
AVGO,13,0.23076923076923078
MPWR,13,0.23076923076923078
MSI,13,0.23076923076923078
MU,13,0.23076923076923078
IBM,13,0.23076923076923078
COF,13,0.23076923076923078
CSCO,13,0.23076923076923078
QCOM,13,0.23076923076923078
CPRT,13,0.23076923076923078
CPAY,13,0.23076923076923078
OMC,13,0.23076923076923078
NVDA,13,0.23076923076923078
MGM,13,0.23076923076923078
TXN,13,0.23076923076923078
TSLA,13,0.23076923076923078
F,13,0.23076923076923078
TKO,10,0.2
CEG,11,0.18181818181818182
AMTM,6,0.16666666666666666
NKE,12,0.16666666666666666
FCX,12,0.16666666666666666
GOOGL,13,0.15384615384615385
A,13,0.15384615384615385
MOS,13,0.15384615384615385
AMGN,13,0.15384615384615385
AMD,13,0.15384615384615385
DVA,13,0.15384615384615385
DXCM,13,0.15384615384615385
TTWO,13,0.15384615384615385
APA,13,0.15384615384615385
META,13,0.15384615384615385
NOW,13,0.15384615384615385
AKAM,13,0.15384615384615385
ULTA,13,0.15384615384615385
DELL,13,0.15384615384615385
PAYC,13,0.15384615384615385
LYV,13,0.15384615384615385
LLY,13,0.15384615384615385
FSLR,13,0.15384615384615385
HPQ,13,0.15384615384615385
COO,13,0.15384615384615385
GOOG,13,0.07692307692307693
GNRC,13,0.07692307692307693
CTSH,13,0.07692307692307693
DASH,13,0.07692307692307693
SNPS,13,0.07692307692307693
CMG,13,0.07692307692307693
JNPR,4,0.0
